ZooplaListingId,House Address,Sales Agent Name,Asking Price,Area (sq ft or sq m)
68694545,"Walton Street, London SW3",Ashdown Marks,"£3,300,000","1,345 sq. ft"
68692438,"Walton Street, Chelsea SW3",The London Broker,"£3,300,000","1,640 sq. ft"
67510462,"Walton Street, Chelsea SW3",Maskells,"£725,000",517 sq. ft
69470964,"Walton Street, London SW3",Dexters - Chelsea,"£1,050,000",N/A
69500857,"First Street, Chelsea, London SW3",Knight Frank - Knightsbridge Sales,"£5,400,000","2,773 sq. ft"
69492570,"Sloane Court West, London SW3",John D Wood & Co. - Cadogan Street Sales,"£2,000,000","2,110 sq ft"
69276514,"Sloane Court West, London SW3",Ashdown Marks,"£1,795,000",898 sq. ft
68431980,"Sloane Court West, Chelsea, London SW3",John D Wood & Co. - Cadogan Street Sales,"£2,000,000",N/A
68354553,"Sloane Court West, London SW3",John D Wood & Co. - Cadogan Street Sales,"£2,500,000",N/A
61633188,"Sloane Court West, Chelsea SW3",SW Residential,"£2,700,000",N/A
69307145,"Sloane Court West, London SW3",John D Wood & Co. - Cadogan Street Sales,"£1,375,000",N/A
68349413,"Sloane Court West, London SW3",Savills - Knightsbridge,"£1,100,000",689 sq ft
54334830,"Sloane Court West, Chelsea SW3",John D Wood & Co. - Cadogan Street Sales,"£1,100,000",N/A
69473542,"Oakley Street, London SW3",Kinleigh Folkard & Hayward - South Kensington,"£1,800,000",N/A
69038461,"Oakley Street, Chelsea, London SW3",Farrar & Co,"£725,000",450 sq. ft
70027374,"Brechin Place, London SW7",Marsh & Parsons - South Kensington,"£950,000",N/A
69875637,"Kynance Mews, South Kensington SW7",Knight Frank - Chelsea Sales,"£2,700,000","1,416 sq. ft"
69765948,"Cromwell Road, London SW7",Kinleigh Folkard & Hayward - South Kensington,"£1,100,000",N/A
69456659,"Point West, 116 Cromwell Road SW7",Chestertons - South Kensington,"£1,218,000",N/A
67149158,"Point West, Cromwell Road, London SW7",Arcstone Properties Limited,"£470,000",586 sq. ft
67140105,"Point West, London SW7",Hamptons - Kensington Sales,"£480,000",526 sq. ft
46627243,"Cromwell Road, London SW7",Thackerays,"£695,000",870 sq. ft
69300867,"Manson Place, South Kensington, South Kensington, London SW7",Foxtons - South Kensington,"£550,000",372 sq. ft
70015338,"Queen's Gate Terrace, London SW7",Harding Green,"£4,950,000","2,700 sq ft"
68760181,"Queen's Gate Terrace, London SW7",Dexters - South Kensington,"£2,500,000",N/A
69875715,"Queen's Gate Terrace, South Kensington SW7",Knight Frank - Chelsea Sales,"£12,750,000","5,900 sq. ft"
69995001,"Vicarage Gate, Kensington, London W8",Foxtons - Notting Hill,"£1,150,000",859 sq. ft
67704695,"Vicarage Gate, London W8",Marsh & Parsons - Kensington,"£795,000",N/A
69726129,"Lexham Gardens, London W8,",Chancellors - Notting Hill,"£600,000",654 sq. ft
69428522,"Lexham Gardens, Kensington W8",Knightsbridge International Real Estate,"£2,300,000","1,769 sq. ft"
66662096,"Earls Court Road, London W8",Mountgrange Heritage - Kensington,"£550,000",N/A
67722019,Lizmans Terrace W8,Loporto Browne Residential,"£1,095,000",N/A
67709071,"Lizmans Terrace, Earls Court Road W8",Mountgrange Heritage - Kensington,"£1,095,000",963 sq ft
67174335,"Earls Court Road, London W8",Hamptons - Kensington Sales,"£550,000",397 sq. ft
65942363,"Earls Court Road, London W8",Milton Stone,"£550,000",N/A
69979820,"Lexham Gardens, Kensington, London W8",Strutt & Parker - Kensington,"£3,250,000","1,868 sq ft"
69768901,"Lexham Gardens, Kensington, London W8",Russell Simpson - Kensington & Notting Hill,"£1,795,000","1,525 sq. ft"
69641139,"Lexham Gardens, South Kensington W8",Fuller Gilbert,"£584,995",N/A
68039119,"Lexham Gardens, London W8",Marsh & Parsons - Kensington,"£599,000",N/A
67540756,"Lexham Gardens, London W8",Tates,"£695,000",N/A
65667870,"Lexham Gardens, Kensington, London W8",Foxtons - South Kensington,"£600,000",423 sq. ft
69865172,Lexham Gardens W8,Mountgrange Heritage - Kensington,"£1,375,000",N/A
69633510,"Lexham Gardens, London W8",London Central Portfolio LTD,"£1,100,000",720 sq. ft
63989620,"Lexham Gardens, London W8",Marsh & Parsons - Kensington,"£1,100,000",N/A
69141922,"Lexham Gardens, London W8",White Estates Ltd,"£825,000",685 sq. Ft
67386728,"Lexham Gardens, London W8",Marsh & Parsons - Kensington,"£1,500,000",N/A
70002366,"Campden Hill Road, London W8",Willtons Estates,"£1,200,000",901 sq. ft
67891006,"Campden Hill Road, London W8",Marsh & Parsons - Kensington,"£1,200,000",N/A
69680277,"Campden Hill Court, Campden Hill Road, Kensington W8",Metropole,"£1,200,000",950 sqft
69637413,"Peel Street, Notting Hill Gate, London W8",Unique Property Company London Ltd,"£1,250,000",N/A
69794343,"Academy Gardens, Duchess Of Bedfords Walk, London W8",Harwood Advisory,"£3,450,000",N/A
69625667,"Academy Gardens, Duchess Of Bedfords Walk, London W8",Knight Frank - Kensington Sales,"£7,000,000","2,696 sq. ft"
67578844,"Academy Gardens, Duchess Of Bedfords Walk, London W8",Knight Frank - Kensington Sales,"£1,500,000",538 sq. ft
67183650,"Academy Gardens, Kensington W8",Century 21 - Notting Hill,"£1,650,000",929 sq ft
69934961,"Euston Road, London NW1",London House,"£8,500,000",6000 sq ft
69759312,"St. Pancras Chambers, Euston Road NW1",Berkshire Hathaway HomeServices Kings Cross,"£1,400,000",N/A
67697452,"St. Pancras Chambers, Euston Road NW1",Berkshire Hathaway HomeServices Kings Cross,"£725,000",N/A
68447158,"Euston Road, London NW1",Knight Frank - Islington Sales,"£1,499,950","1,255 sq. ft"
68379149,"The Penthouse, St. Pancras, Euston Road, London NW1",NJG Estate Agents,"£8,500,000",N/A
68130730,"Euston Road, London NW1",Knight Frank - Islington Sales,"£1,485,000","1,059 sq. ft"
67542836,"St. Pancras Chambers, Euston Road NW1",Berkshire Hathaway HomeServices Kings Cross,"£8,500,000",N/A
61997263,"St. Pancras Chambers, Euston Road NW1",Berkshire Hathaway HomeServices Kings Cross,"£1,485,000",N/A
65396586,"Euston Road, London NW1",Hamptons - Private Office,"£8,500,000","5,979 sq. ft"
69903988,"Gloucester Place, London NW1",Hugh F Shaw & Co Ltd,"£785,000",N/A
69277593,"Gloucester Place, London NW1",Druce Marylebone,"£550,000",N/A
69194155,"Gloucester Place, Marylebone, London NW1",Sandfords - Regent's Park,"£475,000",352 sq. ft
67634983,"Gloucester Place, Marylebone NW1",Romans & Partners,"£749,000",N/A
66097854,"Gloucester Place, London NW1",John D Wood & Co. - Docklands & City,"£749,000",N/A
70090562,"Centric Close, Camden, London NW1",Savills - Primrose Hill,"£850,000",896 sq ft
70004803,"Centric Close, London NW1",Portico - Highbury,"£645,000",N/A
69965488,"Centric Close, Camden Town, London NW1",Foxtons - Camden,"£1,100,000",894 sq. ft
69058668,"Centric Close, London NW1",Strutt & Parker - Hampstead,"£1,185,000",983sqft
67311256,"Centric Close, Camden Town NW1",Dexters - Kentish Town & Camden,"£685,000",893 sq.ft
69664018,"Camden High Street, Camden, London NW1",Goldschmidt & Howland - Camden,"£990,000",456sqft
69054197,"Camden High Street, London NW1",Hue Homes,"£1,200,000",N/A
68716515,"Camden High Street, London NW1",John D Wood & Co. - Primrose Hill Sales,"£750,000",N/A
67383470,"Arlington Road, Camden Town, London NW1",Foxtons - Camden,"£550,000",666 sq. ft
67683895,"Eglon Mews, Primrose Hill, London NW1",House Collective,"£3,650,000",N/A
56610611,"Camden Mews, Camden, London NW1",Goldschmidt & Howland - Camden,"£2,250,000",N/A
69376171,"Camden Mews, Camden Town, London NW1",Savills - Primrose Hill,"£2,250,000","2,307 sq ft"
69255718,"Camden Mews, Camden, London NW1",Foxtons - Camden,"£2,250,000",N/A
69220255,"Camden Mews, Camden NW1",Chestertons - Camden & Primrose Hill,"£2,250,000",N/A
69588516,"Camden Road, London NW1",LiFE Residential - North & City,"£525,000",N/A
69505486,"St. Pauls Crescent, Camden NW1",Chestertons - Camden & Primrose Hill,"£1,300,000",N/A
